Meme,Confiança/Entrega/Proteção,Coragem,Bondade/Caridade,Justiça/Honestidade,Humildade,Gratidão,Família,Religião,Nacionalismo,Meritocracia,Corrupção,Líder pol,Negro,Mulher,Obs
IMG-20200315-WA0019.jpg,1,1,0,0,0,0,1,1,0,1,0,0,0,0,Motivos florais
IMG-20200315-WA0027.jpg,1,0,0,0,0,0,0,1,0,0,0,0,0,0,Motivos florais
IMG-20200315-WA0042.jpg,1,1,0,0,0,0,0,1,0,0,0,0,0,0,Smilinguido
IMG-20200316-WA0016.jpg,0,0,0,0,0,0,0,0,1,0,0,1,0,0,Bandeira
IMG-20200316-WA0024.jpg,0,0,1,0,0,0,0,1,0,0,0,0,0,0,Anjo
IMG-20200316-WA0053.jpg,0,0,0,0,0,0,0,0,0,0,0,1,0,0,Fogo / Mençã negativa a Maia/Mobiliza
IMG-20200316-WA0142.jpg,0,0,0,0,0,0,0,0,0,0,0,0,0,0,Motivos Florais / Amigos
IMG-20200316-WA0209.jpg,0,0,0,0,0,0,0,0,0,0,0,0,0,0,Motivos florais
IMG-20200317-WA0031.jpg,0,1,0,0,0,0,0,1,0,1,0,0,0,0,Motivos florais/Pomba (ES)
IMG-20200317-WA0037.jpg,1,0,0,0,0,0,0,1,1,0,0,0,0,0,Fores/Coração (verde e amarelo sutil)
IMG-20200317-WA0066.jpg,1,0,0,0,0,0,0,1,0,0,0,0,0,0,Apenas Sol
IMG-20200317-WA0070.jpg,0,0,0,0,0,0,0,0,0,0,0,0,0,0,Motivos florais
IMG-20200317-WA0076.jpg,1,0,0,0,0,1,0,1,0,0,0,0,0,0,Café/Amigos
IMG-20200318-WA0043.jpg,0,0,0,0,0,1,0,1,0,0,0,0,0,0,Bonequinho claro
IMG-20200318-WA0057.jpg,1,0,0,0,0,0,1,1,0,0,0,0,0,0,Mãos
IMG-20200318-WA0146.jpg,0,0,0,0,0,0,0,1,0,0,0,0,0,0,Motivos florais
IMG-20200318-WA0360.jpg,0,0,0,0,0,1,0,1,0,1,0,0,0,0,Motivos florais
IMG-20200318-WA0626.jpg,0,1,0,0,0,0,0,0,0,1,0,0,0,0,Motivos florais
IMG-20200319-WA0038.jpg,1,0,0,0,0,1,1,1,0,0,0,0,0,0,Motivos florais
IMG-20200319-WA0049.jpg,0,1,0,0,0,0,0,1,0,1,0,0,0,0,
IMG-20200319-WA0053.jpg,0,1,0,0,0,0,0,0,0,1,0,0,0,0,Motivos florais
IMG-20200319-WA0070.jpg,1,0,0,0,0,0,0,1,0,0,0,0,0,0,Motivos florais/Corações
IMG-20200319-WA0149.jpg,0,0,0,0,0,0,0,1,0,0,0,0,0,0,Motivos florais/Corações
IMG-20200320-WA0018.jpg,1,0,0,0,0,0,0,1,0,0,0,0,0,1,Corações 
IMG-20200320-WA0111.jpg,1,0,0,0,0,0,0,1,0,0,0,0,0,0,Cachorro
IMG-20200320-WA0223.jpg,0,0,0,0,0,0,0,1,0,0,0,0,0,0,Motivos Florais
IMG-20200321-WA0112.jpg,1,1,0,0,0,1,0,1,0,1,0,0,0,0,Criança
IMG-20200321-WA0149.jpg,0,0,0,0,0,0,0,0,0,0,0,0,0,0,Motivos florais
IMG-20200321-WA0441.jpg,0,0,0,0,0,0,0,1,0,0,0,0,0,0,Mar
IMG-20200322-WA0056.jpg,0,0,0,0,0,0,0,1,0,0,0,0,0,0,Motivos florais
IMG-20200322-WA0208.jpg,1,0,0,0,0,0,0,1,0,0,0,0,0,0,Motivos florais (?)
IMG-20200322-WA0345.jpg,1,0,0,0,0,0,1,1,0,0,0,0,0,0,Jesus e Flores
IMG-20200324-WA0043.jpg,0,0,0,0,0,0,0,1,0,0,0,0,0,0,Luz e mãos
IMG-20200324-WA0109.jpg,0,0,0,0,0,0,0,1,0,0,0,0,0,0,
IMG-20200324-WA0112.jpg,1,0,0,0,0,0,0,1,0,0,0,0,0,0,Motivos Florais
IMG-20200324-WA0211.jpg,0,0,0,0,0,0,0,1,0,0,0,0,0,0,Motivos florais/vela
IMG-20200325-WA0090.jpg,0,0,0,0,0,0,0,1,0,0,0,0,0,0,Motivos florais
IMG-20200325-WA0199.jpg,1,0,0,0,0,0,0,1,0,1,0,0,0,0,Motivos florais/Corações
IMG-20200325-WA0239.jpg,0,0,0,0,0,0,0,0,0,0,0,0,0,0,Motivos florais
IMG-20200325-WA0400.jpg,1,0,0,0,0,0,0,1,0,0,0,0,0,0,Motivos Florais/Cisne/Coração
IMG-20200326-WA0056.jpg,1,0,0,0,0,0,0,1,0,0,0,0,0,0,Nossa Senhora + Livramento 
IMG-20200326-WA0064.jpg,1,0,0,0,0,0,0,0,0,1,0,0,0,0,Praia e relógio
IMG-20200326-WA0180.jpg,0,0,0,0,0,0,0,0,0,0,0,0,0,0,Motivos florais
IMG-20200326-WA0305.jpg,0,0,0,0,0,0,1,1,0,0,0,0,0,0,Motivos florais
IMG-20200327-WA0058.jpg,1,1,0,0,0,0,0,1,0,1,0,0,0,0,"Céu, Mãos de prece"
IMG-20200327-WA0082.jpg,0,1,0,0,0,0,0,1,0,1,0,0,0,0,Mar/Mãos de prece
IMG-20200327-WA0088.jpg,0,0,0,0,0,0,0,1,0,0,0,0,0,0,Café
IMG-20200327-WA0095.jpg,0,1,0,0,0,0,0,1,0,1,0,0,0,0,Bicicleta/Lago
IMG-20200328-WA0052.jpg,0,0,1,0,0,0,0,0,0,0,0,0,0,0,Motivos florais/Menina
IMG-20200328-WA0126.jpg,0,0,0,0,0,0,0,1,0,0,0,0,0,0,Motivos florais/café
IMG-20200328-WA0151.jpg,1,0,0,0,0,0,0,1,1,0,0,0,0,0,Soldado/Inimigo/Livramento
IMG-20200328-WA0200.jpg,0,1,0,0,0,0,0,1,0,0,0,0,0,0,Motivos florais
IMG-20200328-WA0347.jpg,0,0,0,0,0,1,1,1,0,0,0,0,0,0,Motivos florais
IMG-20200329-WA0045.jpg,0,0,0,0,0,0,1,1,0,0,0,0,0,0,Motivos florais
IMG-20200329-WA0058.jpg,0,0,0,0,0,0,0,0,0,0,0,0,0,0,Motivos florais
IMG-20200329-WA0198.jpg,1,0,0,0,0,0,0,1,0,0,0,0,0,0,Motivos florais
IMG-20200331-WA0061.jpg,0,0,0,0,0,0,0,0,0,0,0,0,0,0,Paz
IMG-20200331-WA0062.jpg,0,0,0,0,0,0,0,0,0,0,0,0,0,0,Criança
IMG-20200401-WA0080.jpg,1,1,0,0,0,1,0,1,0,1,0,0,0,0,Motivos florais/Borboletas
IMG-20200402-WA0021.jpg,0,0,1,0,0,0,0,0,0,0,0,0,0,0,Menino e Cachorro
IMG-20200402-WA0227.jpg,1,0,0,0,0,0,0,1,0,1,0,0,0,0,Colunas
IMG-20200403-WA0358.jpg,0,0,0,0,0,0,0,1,0,0,0,0,0,0,Estrelas
IMG-20200404-WA0035.jpg,0,0,0,0,0,0,0,1,0,0,0,0,0,0,Baú de tesouro
IMG-20200404-WA0036.jpg,1,0,0,0,0,0,0,1,0,0,0,0,0,0,Ampolieta/Livraria Adventista
IMG-20200404-WA0039.jpg,1,0,0,0,0,0,0,1,0,0,0,0,0,0,Motivos florais
IMG-20200404-WA0146.jpg,0,0,0,0,0,0,0,0,0,0,0,0,0,0,Corações 
IMG-20200405-WA0035.jpg,0,0,0,0,0,0,0,1,0,0,0,0,0,0,Céu/Coqueiro: Bendito o que vem em nome do senhor
IMG-20200406-WA0052.jpg,0,0,0,0,0,0,0,0,0,0,0,0,0,1,Mulher e flores
IMG-20200406-WA0275.jpg,1,0,0,0,0,0,0,1,0,0,0,0,0,0,Motivos florais
IMG-20200407-WA0045.jpg,1,1,0,0,0,0,0,1,0,0,0,0,0,0,Montanha/Casa
IMG-20200408-WA0142.jpg,1,0,0,0,0,0,1,1,0,0,0,0,0,0,Santa Ceia/Mãos
IMG-20200408-WA0146.jpg,0,0,0,0,0,0,0,1,0,0,0,0,0,0,Só letras em fundo branco
IMG-20200408-WA0316.jpg,0,0,0,0,0,0,0,1,0,0,0,0,0,0,Motivos florais/Borboletas
IMG-20200408-WA0323.jpg,0,0,0,0,0,0,0,1,0,0,0,0,0,0,Biblia: permanência da palavra de Deus
IMG-20200409-WA0025.jpg,0,0,1,0,0,0,0,1,0,0,0,0,0,0,Motivos florais
IMG-20200409-WA0080.jpg,0,0,0,0,0,1,1,1,0,0,0,0,0,0,Motivos florais/café
IMG-20200409-WA0246.jpg,0,0,0,0,0,0,0,1,0,0,0,0,0,0,Motivos florais
IMG-20200410-WA0009.jpg,0,0,0,0,0,0,0,1,0,0,0,0,0,0,Cruz
IMG-20200410-WA0043.jpg,0,0,0,0,0,0,1,1,0,0,0,0,0,0,João de Barro
IMG-20200410-WA0091.jpg,0,1,0,0,0,0,0,1,0,1,0,0,0,0,
IMG-20200411-WA0021.jpg,0,0,0,0,0,0,0,1,0,0,0,0,0,0,Motivos Florais/Pássaros
IMG-20200411-WA0035.jpg,0,0,0,0,0,0,0,1,0,0,0,0,0,0,Borboleta/Floresta/Mão do céu
IMG-20200412-WA0105.jpg,0,0,0,0,0,1,0,1,0,0,0,0,0,0,Cruz
IMG-20200414-WA0057.jpg,1,0,0,0,0,0,0,1,0,1,0,0,0,0,Jesus andando no lago com jovem
IMG-20200414-WA0072.jpg,1,0,0,0,0,0,0,1,0,1,0,0,0,0,Café/Coração
IMG-20200415-WA0077.jpg,0,0,0,0,0,0,0,1,0,0,0,0,0,0,Motivos florais 
IMG-20200415-WA0112.jpg,1,0,0,0,0,0,0,1,0,0,0,0,0,0,Caderno
IMG-20200415-WA0137.jpg,0,0,0,0,1,0,0,0,0,0,0,0,0,0,Amigos: não  fazemos nada sozinhos
IMG-20200416-WA0179.jpg,1,0,0,0,0,1,0,1,0,0,0,0,0,0,Motivos florais
IMG-20200417-WA0118.jpg,0,0,1,0,0,0,0,0,0,0,0,0,0,0,Motivos Florais
IMG-20200417-WA0140.jpg,1,0,0,0,0,0,0,1,0,0,0,0,0,0,Motivos Florais/Pássaros
IMG-20200418-WA0098.jpg,0,0,0,0,0,1,0,1,0,0,0,0,0,0,Motivos Florais/Mão
IMG-20200419-WA0121.jpg,0,0,0,0,0,0,0,1,0,0,0,0,0,0,Motivos florais
IMG-20200420-WA0060.jpg,1,0,0,0,0,1,0,1,0,0,0,0,0,0,Paisagem bucólica
IMG-20200422-WA0058.jpg,1,0,0,0,0,0,0,1,0,0,0,0,0,0,Pássaros
IMG-20200422-WA0066.jpg,0,0,0,0,0,0,0,1,1,0,0,0,0,0,Cristo Redentor de verde amarelo
IMG-20200422-WA0088.jpg,1,1,0,0,0,0,0,1,0,1,0,0,0,0,Corações/Borboletas
IMG-20200422-WA0107.jpg,0,1,0,0,0,1,0,1,0,1,0,0,0,0,Motivos florais
IMG-20200423-WA0040.jpg,1,1,0,0,0,0,0,1,0,1,0,0,0,0,Motivos florais
IMG-20200423-WA0059.jpg,0,0,0,0,0,0,0,0,0,0,0,0,0,0,Motivos florais/café
IMG-20200423-WA0073.jpg,0,0,0,0,0,0,1,1,0,0,0,0,0,0,Motivos florais/Borboletas
IMG-20200424-WA0059.jpg,1,0,0,0,0,0,0,1,0,0,0,0,0,0,Ovelha
IMG-20200424-WA0093.jpg,1,0,0,0,0,0,0,1,0,0,0,0,0,0,Bíblia
IMG-20200426-WA0109.jpg,1,0,0,0,0,0,0,1,0,0,0,0,0,0,Viblia/Flores
IMG-20200426-WA0119.jpg,1,0,0,0,0,0,0,1,0,0,0,0,0,0,Lago e por do sol
IMG-20200426-WA1057.jpg,1,0,0,0,0,0,0,1,0,0,0,0,0,0,Motivos florais/Pomba (ES)
IMG-20200427-WA0198.jpg,0,0,0,0,0,0,0,0,0,0,0,0,0,0,Motivosflorais/gato
IMG-20200428-WA0053.jpg,1,0,0,0,0,0,0,1,0,0,0,0,1,1,Proteção
IMG-20200429-WA0149.jpg,1,0,0,0,0,0,0,1,0,0,0,0,0,0,Motivos florais/coração/café/pavão
IMG-20200430-WA0082.jpg,1,0,0,0,0,0,0,1,0,0,0,0,0,0,Motivos florais
IMG-20200430-WA0085.jpg,0,0,0,0,0,0,0,0,0,1,0,0,0,0,Café
IMG-20200503-WA0122.jpg,0,0,0,0,0,0,0,0,0,0,0,0,0,0,Pásaros: ame a vida e os amigos
IMG-20200504-WA0051.jpg,0,1,0,0,0,0,0,0,0,1,0,0,0,0,Paisagem
IMG-20200505-WA0288.jpg,1,0,0,0,0,0,1,1,0,0,0,0,0,0,Mãos/globo
IMG-20200506-WA0024.jpg,0,0,0,0,0,0,0,0,0,1,0,0,0,0,Montanha 
IMG-20200506-WA0387.jpg,0,0,0,0,0,1,0,1,0,0,0,0,0,0,Motivos florais/Coração/Jesus/
IMG-20200507-WA0025.jpg,1,0,0,0,0,0,0,0,0,0,0,0,0,0,Motivos florais 
IMG-20200507-WA0350.jpg,1,0,0,0,0,0,0,1,0,0,0,0,0,0,Montanha/Pássaros
IMG-20200510-WA0106.jpg,0,0,0,0,0,0,1,0,0,0,0,0,0,0,Letras
IMG-20200511-WA0033.jpg,1,1,0,0,0,0,0,1,0,1,0,0,0,0,Chuva e criança
IMG-20200511-WA0252.jpg,1,0,0,0,0,0,0,1,0,0,0,0,0,0,"Desenho criança, urso, coelho, estrelas"
IMG-20200511-WA0316.jpg,0,0,0,0,0,0,0,1,0,0,0,0,0,0,Motivos florais
IMG-20200512-WA0379.jpg,0,0,0,0,0,0,0,1,0,0,0,0,0,1,Crianças abraçando/corações/flores/borboletas
IMG-20200512-WA0884.jpg,1,0,0,0,0,0,0,1,0,0,0,0,0,0,Paisagem (montanhas e agua)
IMG-20200513-WA0045.jpg,0,0,0,0,0,0,1,1,0,0,0,0,0,0,Motivos Florais/Esquilo/Pássaro
IMG-20200513-WA0296.jpg,0,0,0,0,0,1,0,1,0,0,0,0,0,0,Sol 
IMG-20200514-WA0021.jpg,0,0,0,0,0,0,0,1,0,0,0,0,0,0,Motivos florais/Mão em prece
IMG-20200514-WA0079.jpg,0,0,0,0,0,0,0,0,0,0,0,0,0,1,Criança (menina) - tem um quê de solidão... já lhe deram bom dia hoje
IMG-20200515-WA0034.jpg,0,0,1,0,0,0,0,1,0,0,0,0,0,1,Criança (menina) / gato
IMG-20200517-WA0020.jpg,1,0,0,0,0,0,0,1,0,0,0,0,0,0,Borboletas no céu
IMG-20200518-WA0027.jpg,1,0,0,0,0,0,0,1,0,0,0,0,0,0,Letras
IMG-20200519-WA0040.jpg,0,0,0,0,0,1,0,1,0,0,0,0,0,0,Motivos Florais
IMG-20200519-WA0230.jpg,0,0,0,0,0,0,0,1,0,0,0,0,0,0,Motivos Florais
IMG-20200519-WA0244.jpg,0,0,0,0,0,0,0,1,0,0,0,0,0,0,Motivos florais 
IMG-20200520-WA0140.jpg,1,0,0,0,0,0,0,1,0,1,0,0,0,0,Motivos florais
IMG-20200521-WA0065.jpg,1,1,0,0,0,0,0,1,0,1,0,0,0,0,Pessoa em montanha
IMG-20200521-WA0072.jpg,1,1,0,0,0,0,0,1,0,0,0,0,0,0,Motivos florais
IMG-20200521-WA0105.jpg,0,0,0,0,0,0,0,0,0,0,0,0,0,0,Café
IMG-20200521-WA0185.jpg,1,0,0,0,0,0,0,1,0,0,0,0,0,0,Motivos Florais
IMG-20200521-WA0284.jpg,0,0,0,0,0,0,1,1,0,0,0,0,0,0,Motivos florais
IMG-20200522-WA0043.jpg,0,0,0,0,0,0,0,1,0,0,0,0,0,0,Motivos florais/Borboletas
IMG-20200522-WA0045.jpg,0,0,1,1,0,0,0,1,0,0,0,0,0,0,Motivos florais
IMG-20200522-WA0065.jpg,0,0,0,0,0,0,0,0,0,0,0,0,0,1,Desenho de menino e menina se abraçando
IMG-20200523-WA0108.jpg,0,0,0,0,0,0,0,1,0,0,0,0,0,0,Motivos florais
IMG-20200524-WA0038.jpg,1,0,1,0,0,0,0,1,0,0,0,0,0,0,Estrada
IMG-20200524-WA0041.jpg,0,0,0,0,0,0,0,1,0,1,0,0,0,0,Campo e sol
IMG-20200527-WA0040.jpg,1,0,0,0,0,0,0,1,0,0,0,0,0,0,Motivos florais 
IMG-20200527-WA0046.jpg,1,0,0,0,0,0,0,0,0,1,0,0,0,0,Motivos florais/Bicicleta
IMG-20200527-WA0053.jpg,1,0,0,0,0,0,0,1,0,0,0,0,0,1,Menina
IMG-20200527-WA0062.jpg,1,0,0,0,0,0,0,1,0,0,0,0,0,0,Pergaminho
IMG-20200527-WA0063.jpg,1,0,0,0,0,0,0,1,0,0,0,0,0,1,Menina em árvore (mulheres que oram)
IMG-20200527-WA0066.jpg,0,0,0,0,0,0,0,0,0,0,0,0,0,1,Menina com flor / sorrir com os olhos
IMG-20200527-WA0234.jpg,0,0,0,0,0,1,0,1,0,0,0,0,0,0,Motivos florais/Bicicleta
IMG-20200528-WA0046.jpg,0,0,0,0,0,0,0,1,0,0,0,0,0,0,Coração/Joaninha/Trigo
IMG-20200529-WA0022.jpg,1,0,0,0,0,0,0,1,0,0,0,0,0,0,Motivos florais/coração/café
IMG-20200529-WA0209.jpg,1,0,0,0,0,1,0,1,0,0,0,0,0,0,Motivos Florais
IMG-20200530-WA0087.jpg,0,0,0,0,0,0,0,1,0,0,0,0,0,0,Motivos florais/café/pássaro
IMG-20200530-WA0088.jpg,0,0,1,0,0,0,0,0,0,0,0,0,0,0,Motivos florais/coração/borboleta
IMG-20200601-WA0000.jpg,1,0,0,0,0,0,0,1,0,1,0,0,0,0,Motivos florais/café
IMG-20200601-WA0030.jpg,1,0,0,0,0,0,0,1,0,0,0,0,0,0,Cisne/Borboleta/Coração
IMG-20200601-WA0109.jpg,0,0,0,0,0,1,0,1,0,0,0,0,0,0,Motivos florais
IMG-20200602-WA0229.jpg,1,0,0,0,0,0,0,1,0,0,0,0,0,0,Paisagem Bucólica
IMG-20200604-WA0038.jpg,0,1,0,0,0,0,0,0,0,1,0,0,0,0,Motivos florais
IMG-20200604-WA0197.jpg,1,0,0,0,0,0,1,1,0,0,0,0,0,0,Motivos Florais/Pombas
IMG-20200604-WA0198.jpg,0,0,0,0,0,0,0,0,0,0,0,0,0,0,Coração
IMG-20200605-WA0036.jpg,1,0,0,0,0,0,0,1,0,0,0,0,0,0,Motivos florais
IMG-20200605-WA0039.jpg,0,0,0,0,0,0,0,1,0,0,0,0,0,0,Motivos Florais
IMG-20200605-WA0040.jpg,1,0,1,0,0,0,0,1,0,0,0,0,0,0,Motivos florais
IMG-20200606-WA0026.jpg,1,0,0,0,0,0,0,1,0,0,0,0,0,1,Menina loira orando/flor/borboleta
IMG-20200606-WA0028.jpg,0,0,0,0,0,0,0,1,0,0,0,0,0,0,Motivos florais
IMG-20200606-WA0030.jpg,0,0,0,0,0,0,0,1,0,0,0,0,0,1,Menina na árvore/barcos
IMG-20200606-WA0143.jpg,1,0,0,0,0,0,0,1,0,0,0,0,0,0,Lago/Árvores
IMG-20200607-WA0020.jpg,0,0,0,0,0,0,0,0,0,0,0,0,0,1,Menina com macaquinho
IMG-20200608-WA0009.jpg,1,0,1,0,0,0,0,0,0,0,0,0,0,0,Joaninha/Borboleta
IMG-20200608-WA0012.jpg,0,0,0,0,0,0,0,1,0,0,0,0,0,0,Motivos Florais/Borboletas
IMG-20200608-WA0014.jpg,1,0,0,0,0,0,0,1,0,0,0,0,0,0,Livro
IMG-20200608-WA0025.jpg,1,1,0,0,0,0,0,1,0,0,0,0,0,0,Motivos florais/Gato
IMG-20200608-WA0026.jpg,0,0,0,0,0,0,0,1,0,0,0,0,0,0,Motivos florais
IMG-20200608-WA0088.jpg,0,0,0,0,0,0,0,1,0,0,0,0,0,0,Motivos florais
IMG-20200609-WA0181.jpg,0,0,1,0,0,0,0,1,0,0,0,0,0,0,Motivos florais
IMG-20200612-WA0000.jpg,0,0,0,0,0,0,0,1,0,0,0,0,0,0,Ostensório/pomba/flor
IMG-20200612-WA0001.jpg,0,1,0,0,0,0,0,0,1,0,0,1,0,0,Bandeira/Bolsonaro
IMG-20200612-WA0008.jpg,1,0,0,0,0,0,0,1,0,0,0,0,0,0,Motivos florais/café
IMG-20200613-WA0066.jpg,0,0,0,0,0,1,0,1,0,0,0,0,0,0,Motivos florais 
IMG-20200614-WA0113.jpg,0,0,0,0,0,0,0,1,0,0,0,0,0,0,Motivos florais
IMG-20200615-WA0016.jpg,0,0,0,0,0,0,1,1,0,0,0,0,0,0,Motivos florais/café/borboletas
IMG-20200616-WA0016.jpg,1,0,0,0,0,0,1,1,0,0,0,0,0,0,Pomba/fogo/estrelas
IMG-20200617-WA0060.jpg,0,1,0,0,0,0,0,0,0,1,0,0,0,0,Menino (loirinho e mauricinho pobre)
IMG-20200618-WA0018.jpg,0,0,0,0,0,0,0,0,0,0,0,0,0,1,Menina Feliz
IMG-20200618-WA0033.jpg,1,0,0,0,0,0,0,1,0,0,0,0,0,0,Soldado/Inimigo/Livramento
IMG-20200619-WA0016.jpg,1,0,0,0,0,0,0,1,0,0,0,0,0,0,Motivos florais/coração/borboleta
IMG-20200619-WA0036.jpg,0,0,0,0,0,0,0,0,0,0,0,0,1,1,Menina feliz
IMG-20200620-WA0011.jpg,0,0,1,0,0,0,0,0,0,0,0,0,0,0,Coração
IMG-20200621-WA0012.jpg,0,0,0,0,0,0,0,1,0,0,0,0,0,0,Por do sol
IMG-20200621-WA0034.jpg,0,0,0,0,0,0,0,0,0,0,0,0,0,0,Motivos florais/café
IMG-20200623-WA0030.jpg,0,0,0,0,0,1,0,0,0,0,0,0,0,0,Motivos florais/praia
IMG-20200623-WA0196.jpg,1,0,0,0,0,0,0,1,0,0,0,0,0,0,Motivos florais/Livro
IMG-20200624-WA0023.jpg,0,0,0,0,0,0,0,0,0,0,0,0,0,0,Ursos e Corações
IMG-20200624-WA0030.jpg,0,0,0,0,0,0,0,1,0,0,0,0,0,1,Turma da Monica Festa Junina
IMG-20200625-WA0077.jpg,0,1,0,0,0,0,0,1,0,1,0,0,0,0,Águia / Soldado
IMG-20200625-WA0123.jpg,1,0,0,0,0,0,0,1,0,0,0,0,0,0,Motivos florais
IMG-20200625-WA0125.jpg,1,0,0,0,0,0,0,1,0,0,0,0,0,1,Menina feliz
IMG-20200626-WA0033.jpg,1,0,0,0,0,0,0,1,0,0,0,0,0,0,Pôr do sol
IMG-20200626-WA0127.jpg,1,0,0,0,0,0,1,1,0,0,0,0,0,0,Pergaminho
IMG-20200626-WA0150.jpg,0,0,0,0,0,0,0,0,0,0,0,0,0,0,Pássaros
IMG-20200626-WA0152.jpg,0,1,0,0,0,0,0,1,0,1,0,0,0,0,Paisagem
IMG-20200626-WA0161.jpg,1,0,0,0,0,0,0,1,0,0,0,0,0,0,Pôr do sol
IMG-20200626-WA0170.jpg,1,0,0,0,0,0,0,1,0,0,0,0,0,0,Rosa
IMG-20200627-WA0107.jpg,0,0,0,0,0,0,0,1,0,0,0,0,0,0,Paisagem
IMG-20200627-WA0113.jpg,1,0,0,0,0,0,0,1,0,0,0,0,0,1,Menina em caverna
IMG-20200627-WA0151.jpg,0,0,0,0,0,0,0,1,0,0,0,0,0,0,Abelha
IMG-20200630-WA0025.jpg,0,0,0,0,0,0,0,1,0,0,0,0,0,0,Flores e xícara
IMG-20200630-WA0077.jpg,0,0,1,0,0,0,0,1,0,0,0,0,0,0,Sol
IMG-20200701-WA0111.jpg,0,0,0,0,0,1,0,1,0,0,0,0,0,0,Pássaro
IMG-20200701-WA0137.jpg,1,0,0,0,0,0,0,1,0,1,0,0,0,0,Mão
IMG-20200702-WA0062.jpg,0,0,0,0,0,1,0,1,0,0,0,0,0,0,Flores
IMG-20200702-WA0082.jpg,0,0,0,0,0,0,0,1,0,0,0,0,0,0,Mãos
IMG-20200703-WA0090.jpg,0,1,0,0,0,0,0,1,0,0,0,0,0,0,Barquinho de papel
IMG-20200703-WA0096.jpg,0,0,0,0,0,0,0,1,0,0,0,0,0,0,Motivos florais
IMG-20200703-WA0246.jpg,1,1,0,0,0,0,0,1,0,0,0,0,0,0,Pôr do sol e árvore seca
IMG-20200703-WA0313.jpg,1,1,0,0,0,0,0,1,0,0,0,0,0,0,Árvore seca
IMG-20200704-WA0022.jpg,0,0,0,0,0,0,0,1,0,0,0,0,0,0,Notação musical
IMG-20200704-WA0048.jpg,1,0,0,0,0,1,0,1,0,0,0,0,0,0,Motivos florais
IMG-20200705-WA0082.jpg,1,0,0,0,0,0,1,1,0,0,0,0,0,0,Mãos
IMG-20200705-WA0202.jpg,1,0,0,0,0,1,0,0,0,0,0,0,0,0,Luar
IMG-20200706-WA0040.jpg,0,1,0,0,0,0,0,1,0,1,0,0,0,0,Corações/Flores
IMG-20200706-WA0041.jpg,1,0,0,0,0,1,0,1,0,0,0,0,0,0,Motivos florais
IMG-20200706-WA0043.jpg,1,1,0,0,0,0,0,1,0,0,0,0,0,0,Braços dados com Deus
IMG-20200706-WA0085.jpg,0,1,0,0,0,0,0,1,0,1,0,0,0,0,Motivos florais
IMG-20200707-WA0026.jpg,1,0,0,0,0,0,0,1,0,0,0,0,0,0,Flores
IMG-20200707-WA0070.jpg,0,0,0,0,0,0,0,1,0,0,0,0,0,0,Paisagem
IMG-20200708-WA0020.jpg,0,0,0,0,0,0,0,1,0,0,0,0,0,0,Pôr do sol na rua
IMG-20200709-WA0018.jpg,1,0,0,0,0,1,0,1,0,0,0,0,0,1,Menina feliz
IMG-20200710-WA0012.jpg,1,1,0,0,0,0,0,0,0,0,0,0,0,0,Motivos florais
IMG-20200710-WA0013.jpg,0,0,0,0,0,0,0,0,0,0,0,0,0,1,Menina feliz
IMG-20200710-WA0044.jpg,1,0,1,0,0,0,1,1,0,0,0,0,0,0,Pomba/rosas
IMG-20200711-WA0082.jpg,1,0,0,0,0,0,1,1,0,0,0,0,0,0,Mãos dadas
IMG-20200711-WA0085.jpg,0,0,1,0,0,0,1,0,0,0,0,0,0,0,Xícaras
IMG-20200711-WA0100.jpg,0,0,1,0,0,1,0,0,0,0,0,0,0,0,Corações e flor
IMG-20200711-WA0103.jpg,1,0,0,0,0,0,0,1,0,0,0,0,0,0,Motivos florais
IMG-20200712-WA0042.jpg,0,1,0,0,0,0,0,0,0,0,0,0,0,0,Girassol
IMG-20200712-WA0067.jpg,0,0,0,0,0,0,0,1,0,0,0,0,0,0,Motivos florais
IMG-20200713-WA0040.jpg,0,0,0,0,0,0,1,0,0,0,0,0,0,0,Bebê
IMG-20200713-WA0043.jpg,1,0,0,0,0,0,0,1,0,0,0,0,0,0,Pôr do sol
IMG-20200715-WA0216.jpg,0,1,1,0,0,0,0,0,0,0,0,0,0,0,Motivos florais
IMG-20200715-WA0217.jpg,1,0,0,0,0,0,0,1,0,0,0,0,0,0,Flores e xícaras
IMG-20200716-WA0023.jpg,0,0,1,0,0,0,0,0,0,0,0,0,0,0,Cão
IMG-20200717-WA0020.jpg,1,0,0,0,0,0,0,1,0,0,0,0,0,0,Pássaro
IMG-20200717-WA0021.jpg,0,0,0,0,0,1,0,1,0,0,0,0,0,0,Motivos florais
IMG-20200718-WA0018.jpg,1,0,0,0,0,0,0,1,0,0,0,0,0,0,Flor e xícara
IMG-20200719-WA0020.jpg,1,0,0,0,0,0,0,1,0,0,0,0,0,0,Mãos
IMG-20200719-WA0024.jpg,1,0,0,0,0,0,0,1,0,0,0,0,0,0,Flores
IMG-20200719-WA0044.jpg,0,0,0,0,0,0,1,0,0,0,0,0,0,0,Flores
IMG-20200720-WA0035.jpg,1,0,0,0,0,0,0,1,0,0,0,0,0,0,Flores
IMG-20200721-WA0040.jpg,0,0,1,0,0,0,0,0,0,0,0,0,0,0,Recado manuscrito
IMG-20200721-WA0041.jpg,1,0,0,0,0,0,1,1,0,0,0,0,0,0,"Xícaras, flores e borboletas"
IMG-20200721-WA0042.jpg,0,1,0,0,0,1,0,1,0,0,0,0,0,0,Flores
IMG-20200721-WA0054.jpg,1,0,0,0,0,0,0,1,0,0,0,0,0,0,Criança
IMG-20200721-WA0057.jpg,1,0,0,0,0,0,0,1,0,0,0,0,0,0,Motivos florais
IMG-20200721-WA0180.jpg,0,0,0,0,0,0,0,0,0,0,0,0,0,0,Motivos florais
IMG-20200722-WA0010.jpg,0,0,0,0,0,0,0,0,1,0,0,0,0,0,Bandeira
IMG-20200722-WA0016.jpg,1,1,0,0,0,0,0,0,0,0,0,0,0,0,Gato
IMG-20200722-WA0021.jpg,1,0,1,0,0,1,0,0,0,0,0,0,0,0,Casal e coração
IMG-20200722-WA0039.jpg,1,1,0,0,0,0,0,0,0,0,0,0,0,0,Flores e borboletas
IMG-20200722-WA0050.jpg,1,0,0,0,0,0,0,0,0,0,0,0,0,0,Flor
IMG-20200722-WA0051.jpg,0,0,0,0,0,0,0,0,0,0,0,0,0,0,Mãos e luz
IMG-20200722-WA0052.jpg,1,0,0,0,0,0,0,1,0,0,0,0,0,0,Flores
IMG-20200723-WA0023.jpg,1,0,0,0,0,0,1,0,0,0,0,0,0,0,Crianças
IMG-20200723-WA0054.jpg,1,0,0,0,0,0,0,1,0,0,0,0,0,0,Snnopy
IMG-20200724-WA0023.jpg,0,0,0,0,0,0,0,0,0,0,0,0,0,0,Kombi com flores
IMG-20200724-WA0037.jpg,1,1,0,0,0,0,0,1,0,1,0,0,0,0,Surfista na praia
IMG-20200724-WA0038.jpg,0,0,0,0,0,0,0,0,1,0,0,0,0,0,Soldado com bandeira
IMG-20200725-WA0014.jpg,1,0,0,0,0,0,0,1,0,0,0,0,0,0,Por do sol
IMG-20200725-WA0027.jpg,0,0,0,0,0,0,0,0,0,0,0,0,0,0,Borboletas na água
IMG-20200725-WA0036.jpg,1,1,0,0,0,0,0,0,0,0,0,0,0,0,Mão/flores/borboleta
IMG-20200725-WA0069.jpg,1,1,0,0,0,0,0,1,0,1,0,0,0,1,Mulher alpinista na montanha
IMG-20200726-WA0001.jpg,1,0,0,0,0,0,0,1,0,0,0,0,0,0,Mãos e coração
IMG-20200726-WA0086.jpg,1,0,0,0,1,0,0,1,0,0,0,0,0,0,Corações
IMG-20200726-WA0107.jpg,0,1,0,0,0,0,0,1,0,0,0,0,0,0,Flores no vaso
IMG-20200727-WA0010.jpg,0,1,0,0,1,0,0,0,0,1,0,0,0,0,Motivos florais
IMG-20200728-WA0022.jpg,0,0,0,0,0,0,0,1,0,0,0,0,0,0,Sol
IMG-20200728-WA0026.jpg,0,1,0,0,0,0,0,0,0,0,0,0,0,0,Flores
IMG-20200728-WA0038.jpg,1,0,0,0,0,0,0,1,0,0,0,0,0,0,Corações e flores
IMG-20200728-WA0116.jpg,1,0,0,0,0,0,0,1,0,0,0,0,0,0,Ave
IMG-20200729-WA0033.jpg,0,1,0,0,0,0,0,0,0,0,0,0,0,0,Xícara
IMG-20200729-WA0100.jpg,1,0,0,0,0,0,0,1,0,0,0,0,0,0,Livro
IMG-20200729-WA0141.jpg,0,0,0,0,0,1,0,1,0,0,0,0,0,0,Criança/fada e flores
IMG-20200730-WA0008.jpg,1,0,0,0,0,0,0,1,0,0,0,0,0,1,Mulher bebendo em xícara
IMG-20200730-WA0014.jpg,0,0,0,0,0,0,0,1,0,0,0,0,0,0,Flores
IMG-20200730-WA0019.jpg,0,1,1,0,0,0,0,0,0,0,0,0,0,0,Pássaro e bule
IMG-20200730-WA0020.jpg,0,1,1,0,0,0,0,0,0,0,0,0,0,0,Flores
IMG-20200730-WA0074.jpg,1,0,0,0,0,0,0,1,0,0,0,0,0,0,Beijo e corações
IMG-20200731-WA0035.jpg,1,0,0,1,0,0,0,0,0,1,0,0,0,0,Homem de sobretudo
IMG-20200731-WA0040.jpg,1,1,0,0,0,0,0,1,0,0,0,0,0,0,Flores e borboleta
IMG-20200731-WA0055.jpg,1,0,0,0,0,0,0,1,0,0,0,0,0,0,"Livro, lupa e bússola"
IMG-20200731-WA0186.jpg,1,0,0,0,0,0,0,1,0,0,0,0,0,0,Cama
IMG-20200801-WA0002.jpg,1,0,0,0,0,0,0,1,0,0,0,0,0,0,Rosas
IMG-20200801-WA0057.jpg,0,0,1,0,1,0,0,0,0,0,0,0,0,0,Homem ajudando outro a se levantar
IMG-20200801-WA0063.jpg,1,0,0,0,0,0,0,0,0,0,0,0,0,0,Nascer do sol
IMG-20200801-WA0066.jpg,0,0,0,0,0,0,0,1,0,0,0,0,0,0,Motivos florais
IMG-20200802-WA0018.jpg,1,0,0,0,0,0,0,1,0,0,0,0,0,0,Rosas
IMG-20200802-WA0025.jpg,1,0,0,0,0,0,0,1,0,0,0,0,0,0,Jesus e Virgem Maria
IMG-20200802-WA0070.jpg,1,1,0,0,0,0,0,1,0,0,0,0,0,0,Flores no vaso
IMG-20200802-WA0071.jpg,0,0,0,0,0,0,0,1,0,0,0,0,0,0,Motivos florais
IMG-20200802-WA0072.jpg,1,0,0,0,0,0,0,1,0,0,0,0,0,0,Arara azul
IMG-20200802-WA0113.jpg,0,0,0,0,0,0,0,0,0,0,0,0,0,0,Rosa amarela
IMG-20200803-WA0108.jpg,0,0,0,0,0,0,0,0,0,0,0,0,0,0,Rosa e xícara
IMG-20200803-WA0217.jpg,1,0,0,0,0,0,0,1,0,0,0,0,0,0,Rosas
IMG-20200804-WA0106.jpg,1,1,0,1,0,0,0,1,0,1,0,0,0,0,Cais
IMG-20200805-WA0054.jpg,1,1,0,0,1,0,0,1,0,0,0,0,0,0,Coqueiro e letras animadas
IMG-20200805-WA0165.jpg,1,0,0,0,0,0,0,1,0,0,0,0,0,0,Rosas
IMG-20200805-WA0219.jpg,1,0,0,0,0,0,0,1,0,0,0,0,0,0,Pomba e rosas brancas
IMG-20200806-WA0022.jpg,1,0,0,0,0,0,0,1,0,0,0,0,0,1,Menina feliz
IMG-20200806-WA0035.jpg,0,0,0,0,0,0,0,0,0,0,0,0,0,0,Arranjo botânico
IMG-20200806-WA0213.jpg,0,0,0,0,0,0,0,0,0,0,0,0,0,0,Luar
IMG-20200807-WA0016.jpg,1,0,0,0,0,0,0,0,0,0,0,0,0,1,"Fada, borboletas e corações"
IMG-20200807-WA0101.jpg,1,0,0,0,0,0,0,1,0,0,0,0,0,0,Caderno
IMG-20200809-WA0027.jpg,0,0,0,0,0,0,1,0,0,0,0,0,0,0,Gravata e óculos
IMG-20200809-WA0055.jpg,0,0,0,0,0,0,0,0,0,0,0,0,0,0,Flores
IMG-20200809-WA0058.jpg,0,0,0,0,0,0,1,1,0,0,0,0,0,0,Pai e filho
IMG-20200809-WA0059.jpg,1,0,0,0,0,0,0,1,0,0,0,0,0,0,Flores
IMG-20200810-WA0020.jpg,1,0,0,0,0,0,0,1,0,0,0,0,0,0,Flores
IMG-20200810-WA0031.jpg,1,0,0,0,0,0,0,1,0,0,0,0,0,0,Flor
IMG-20200810-WA0040.jpg,0,0,0,0,0,0,0,0,0,0,0,0,0,0,Pássaro e rosas
IMG-20200811-WA0019.jpg,1,0,0,0,0,0,0,1,0,0,0,0,0,0,Pôr do sol e pessoa
IMG-20200811-WA0031.jpg,1,0,0,0,0,0,0,1,0,0,0,0,0,0,Xícara
IMG-20200812-WA0066.jpg,0,0,1,0,0,0,0,1,0,0,0,0,0,0,Mãos dadas
IMG-20200813-WA0010.jpg,0,0,0,0,0,0,0,0,0,0,0,0,0,0,Rosas
IMG-20200813-WA0012.jpg,0,0,0,0,0,1,0,0,0,0,0,0,0,0,Flores
IMG-20200813-WA0097.jpg,0,0,0,0,0,0,0,0,0,0,0,0,0,0,Escudo do flamengo
IMG-20200813-WA0098.jpg,0,0,0,0,0,0,0,0,0,0,0,0,0,0,Cristo Redentor vestindo a camisa do Flamengo
IMG-20200814-WA0049.jpg,1,0,0,0,0,0,0,1,0,0,0,0,0,0,Bebê
IMG-20200814-WA0050.jpg,1,0,0,0,0,0,0,1,0,0,0,0,0,0,Gaivotas ao mar
IMG-20200814-WA0062.jpg,0,0,0,0,0,1,0,1,0,0,0,0,0,0,Sol
IMG-20200814-WA0082.jpg,1,0,0,0,0,0,0,1,0,0,0,0,0,0,Bebê
IMG-20200815-WA0020.jpg,1,0,0,0,0,0,0,1,0,0,0,0,0,0,Flores
IMG-20200815-WA0026.jpg,0,0,0,0,0,0,0,0,0,0,0,0,0,0,Flores e borboleta
IMG-20200815-WA0027.jpg,0,0,1,0,0,0,0,1,0,0,0,0,0,0,Rosas
IMG-20200815-WA0061.jpg,0,0,0,0,0,0,0,1,0,0,0,0,0,0,Rosa
IMG-20200815-WA0064.jpg,1,0,0,0,0,0,0,1,0,0,0,0,0,0,Pássaro
IMG-20200816-WA0028.jpg,1,0,0,0,0,0,0,0,0,0,0,0,0,0,Flores
IMG-20200816-WA0035.jpg,0,0,0,0,0,0,0,1,0,0,0,0,0,0,Rosa branca e perfume
IMG-20200816-WA0092.jpg,0,0,0,0,0,0,1,1,0,0,0,0,0,0,Pássaro e flores
IMG-20200816-WA0096.jpg,0,0,0,0,0,0,0,0,0,0,0,1,0,1,Adriane Venância candidata a vereadora
IMG-20200816-WA0099.jpg,0,0,0,0,0,0,0,0,0,0,0,0,0,0,Cores e letras animadas
IMG-20200816-WA0101.jpg,1,0,0,0,0,0,1,1,0,0,0,0,0,0,Flores
IMG-20200816-WA0201.jpg,1,0,0,0,0,0,0,1,0,0,0,0,0,0,Rosa e borboleta
IMG-20200817-WA0029.jpg,1,0,0,0,0,0,0,1,0,0,0,0,0,0,Sol no campo
IMG-20200817-WA0057.jpg,1,0,0,0,0,0,0,1,0,0,0,0,0,1,Mãos femininas com areia
IMG-20200817-WA0060.jpg,1,0,0,0,0,0,0,1,0,0,0,0,0,0,Cais
IMG-20200818-WA0160.jpg,0,0,0,0,0,1,0,0,0,0,0,0,0,0,Rosa rosa
IMG-20200819-WA0056.jpg,1,0,0,0,0,0,0,1,0,0,0,0,0,0,Tulipas
IMG-20200820-WA0010.jpg,0,0,1,0,0,0,0,0,0,0,0,0,0,0,Rosas e xícara de café
IMG-20200821-WA0048.jpg,1,0,0,0,0,0,0,1,0,0,0,0,0,0,Livro
IMG-20200821-WA0061.jpg,0,0,0,0,1,0,0,1,0,0,0,0,0,0,Homem andando contra o sol
IMG-20200821-WA0103.jpg,1,0,0,0,0,0,1,1,0,0,0,0,0,0,Motivos florais
IMG-20200823-WA0009.jpg,0,0,0,0,0,0,0,1,0,0,0,0,0,0,Xícara
IMG-20200823-WA0015.jpg,1,1,0,0,0,0,0,1,0,0,0,0,0,0,Bíblia
IMG-20200823-WA0029.jpg,0,0,0,0,0,0,0,0,0,0,0,0,0,0,Rosa rosa
IMG-20200823-WA0033.jpg,1,0,0,0,0,1,0,1,0,0,0,0,0,0,Xícara
IMG-20200825-WA0009.jpg,0,0,0,0,0,0,0,0,0,0,0,0,0,0,Motivos florais
IMG-20200826-WA0048.jpg,0,1,0,0,0,0,0,1,0,0,0,0,0,0,Motivos florais
IMG-20200826-WA0054.jpg,0,0,1,0,1,0,0,0,0,0,0,0,0,0,Homem ajudando outro a se levantar
IMG-20200826-WA0093.jpg,1,0,0,0,0,0,0,1,0,0,0,0,0,0,Flores
IMG-20200827-WA0033.jpg,1,0,0,0,0,0,0,1,0,0,0,0,0,0,Livro e flor
IMG-20200827-WA0048.jpg,0,0,0,0,0,0,0,1,0,0,0,0,0,0,Flores
IMG-20200828-WA0010.jpg,1,0,0,0,0,0,0,1,0,0,0,0,0,0,Livro e flor
IMG-20200829-WA0027.jpg,0,0,1,0,0,0,0,0,0,0,0,0,0,0,Livro e flor
IMG-20200829-WA0040.jpg,0,0,0,0,0,0,0,0,0,0,0,0,0,0,Flores e borboleta
IMG-20200829-WA0044.jpg,1,0,0,0,0,1,0,1,0,0,0,0,0,0,Livro
IMG-20200829-WA0052.jpg,1,0,0,0,0,0,0,1,0,0,0,0,0,0,Borboletas e flores
IMG-20200830-WA0019.jpg,0,1,0,0,0,0,0,0,0,0,0,0,0,0,Sol
IMG-20200830-WA0027.jpg,1,0,0,0,0,0,0,1,0,0,0,0,0,0,Pôr do sol
IMG-20200831-WA0002.jpg,1,0,0,0,0,0,0,1,0,0,0,0,0,0,Pomba e flores
IMG-20200831-WA0038.jpg,0,0,0,0,0,0,0,0,0,0,0,0,0,0,Cão e flor
IMG-20200831-WA0039.jpg,0,0,0,0,0,0,0,1,0,0,0,0,0,0,Carro e flores
IMG-20200831-WA0061.jpg,1,0,0,0,0,1,0,1,0,0,0,0,0,0,Árvore azul e campo
IMG-20200901-WA0005.jpg,0,0,0,0,0,0,0,1,0,0,0,0,0,0,Mãos em oração
IMG-20200901-WA0011.jpg,1,0,0,0,0,0,0,1,0,0,0,0,0,0,Campo
IMG-20200901-WA0016.jpg,1,0,0,0,0,0,0,1,0,0,0,0,0,0,"Carrol, flores e borboletas"
IMG-20200901-WA0020.jpg,1,0,0,0,0,0,0,1,0,0,0,0,0,0,Sol
IMG-20200901-WA0034.jpg,0,0,0,0,0,0,0,0,0,0,0,0,0,0,Rosas rosas
IMG-20200901-WA0059.jpg,0,0,0,0,0,0,0,1,0,0,0,0,0,1,Menina feliz com flores na cabeça
IMG-20200901-WA0061.jpg,1,0,0,0,0,0,0,1,0,0,0,0,0,0,Mão
IMG-20200901-WA0081.jpg,1,0,0,0,0,0,0,1,0,0,0,0,0,0,Xícara e corações
IMG-20200901-WA0214.jpg,0,0,0,0,0,0,0,0,0,0,0,0,0,0,Motivos florais
IMG-20200902-WA0009.jpg,0,0,0,0,0,0,0,0,0,0,0,0,0,0,Coração e rosas
IMG-20200902-WA0013.jpg,1,0,0,1,0,0,0,1,0,0,0,0,0,0,Letras no fundo preto
IMG-20200902-WA0014.jpg,0,0,0,0,1,0,0,1,0,0,0,0,0,0,Homem de joelhos
IMG-20200902-WA0025.jpg,0,0,0,0,0,0,0,0,0,0,0,0,0,0,"Borboleta, pássado e flores"
IMG-20200902-WA0033.jpg,0,1,0,0,0,1,0,1,0,0,0,0,0,0,Borboleta
IMG-20200902-WA0275.jpg,1,1,0,0,0,0,0,1,0,1,0,0,0,0,Campo alaranjado
IMG-20200903-WA0009.jpg,0,0,1,0,0,0,0,1,0,0,0,0,0,0,Mão segurando foha
IMG-20200903-WA0013.jpg,0,0,0,0,0,0,0,0,0,0,0,0,0,0,Sol e árvore
IMG-20200903-WA0035.jpg,0,1,1,0,0,0,0,1,0,0,0,0,0,0,Flores
IMG-20200904-WA0004.jpg,0,0,0,0,1,0,0,1,0,0,0,0,0,0,Mãos e flor
IMG-20200904-WA0102.jpg,1,0,0,0,1,0,0,1,0,0,0,0,0,0,Sol e bosque
IMG-20200904-WA0103.jpg,1,0,0,0,0,1,0,1,0,0,0,0,0,0,Flores
IMG-20200904-WA0112.jpg,0,1,0,0,1,0,0,1,0,0,0,0,0,0,Homem sertanejo de joelhos
IMG-20200905-WA0130.jpg,0,0,0,0,0,0,0,0,0,0,0,0,0,0,Corações e flores
IMG-20200906-WA0019.jpg,0,0,0,0,0,0,0,0,0,0,0,0,0,0,Motivos florais
IMG-20200906-WA0081.jpg,1,0,0,0,0,0,0,1,0,0,0,0,0,0,Envelope e motivos florais
IMG-20200906-WA0176.jpg,0,0,0,0,0,0,0,0,1,0,0,0,0,0,Bandeira do Brasil e rosas
IMG-20200907-WA0011.jpg,0,0,0,0,0,1,0,1,0,0,0,0,0,0,Homem em um barco
IMG-20200907-WA0012.jpg,1,0,0,0,0,1,0,1,0,1,0,0,0,0,Gaivota
IMG-20200907-WA0024.jpg,0,0,0,0,0,0,0,0,0,0,0,0,0,1,Menina
IMG-20200907-WA0072.jpg,1,0,0,0,0,0,0,1,1,0,0,0,0,0,Cristo Redentor com bandeira do Brasil
IMG-20200907-WA0073.jpg,0,0,0,0,0,0,0,0,1,0,0,0,0,0,Crianças com bandeira do Brasil
IMG-20200909-WA0032.jpg,1,0,0,0,1,0,0,1,0,0,0,0,0,0,Navio encalhado
IMG-20200910-WA0011.jpg,1,0,0,0,0,0,0,1,0,0,0,0,0,0,Motivos florais e machetaria
IMG-20200910-WA0042.jpg,1,0,0,0,0,0,0,1,0,0,0,0,0,0,Mar
IMG-20200910-WA0055.jpg,1,0,0,0,0,0,0,1,0,0,0,0,0,0,Pessoas felizes em um iceberg
IMG-20200911-WA0019.jpg,0,0,0,0,0,0,1,1,0,0,0,0,0,0,Xícara e rosa
IMG-20200912-WA0171.jpg,0,0,0,0,0,0,1,0,0,0,0,0,0,0,Flores
IMG-20200913-WA0069.jpg,1,0,0,0,0,0,0,1,0,0,0,0,0,0,Letras no fundo branco
IMG-20200913-WA0070.jpg,0,0,1,0,0,0,0,0,0,0,0,0,0,0,Bicicleta com flores
IMG-20200913-WA0107.jpg,1,0,0,0,0,0,0,1,0,0,0,0,0,0,Letras no fundo xadrez e corações
IMG-20200915-WA0020.jpg,1,0,0,0,0,0,0,1,0,0,0,0,0,0,Pôr do sol no mar
IMG-20200915-WA0033.jpg,1,0,0,0,1,1,0,1,0,0,0,0,0,0,"Xícara, rosa e borboletas"
IMG-20200916-WA0048.jpg,0,0,0,0,0,0,0,1,0,0,0,0,0,0,Mãos em formato de coração e rosa
IMG-20200916-WA0188.jpg,0,0,0,0,1,0,0,1,0,0,0,0,0,0,Mãos e flor
IMG-20200916-WA0242.jpg,1,0,0,0,0,0,0,1,0,0,0,0,0,0,Campo violeta
IMG-20200917-WA0008.jpg,0,0,0,0,0,0,0,1,0,0,0,0,0,0,Pôr do sol e coqueiro
IMG-20200917-WA0034.jpg,0,0,0,0,0,1,0,1,0,0,0,0,0,0,Letras no fundo de pôr do sol
IMG-20200918-WA0027.jpg,0,0,1,0,0,0,0,0,0,0,0,0,0,0,Rosa rosa
IMG-20200918-WA0028.jpg,0,0,0,0,0,0,0,0,0,0,0,0,0,0,Margaridas
IMG-20200919-WA0072.jpg,1,0,0,0,0,0,0,1,0,0,0,0,0,0,Bebê
IMG-20200920-WA0057.jpg,0,0,0,0,0,0,0,1,0,0,0,0,0,0,Agenda e azaleias
IMG-20200921-WA0029.jpg,0,0,0,0,0,0,0,1,0,0,0,0,0,0,Mar
IMG-20200921-WA0036.jpg,0,0,0,0,0,0,0,0,1,0,0,1,0,0,Bolsonaro e bandeira do Brasil
IMG-20200922-WA0000.jpg,0,0,0,0,0,0,0,0,0,0,0,0,0,0,Luar
IMG-20200922-WA0013.jpg,1,0,0,0,0,0,0,1,0,0,0,0,0,0,Pássaros
IMG-20200922-WA0019.jpg,1,1,0,0,0,0,0,1,0,0,0,0,0,0,Rosas e Mickey
IMG-20200922-WA0051.jpg,0,0,0,0,0,0,0,0,0,0,0,0,0,0,Flores amarelas
IMG-20200922-WA0052.jpg,0,1,0,0,0,0,0,0,0,0,0,0,0,0,Guarda-chuvas e flor
IMG-20200922-WA0053.jpg,0,1,0,0,0,0,0,0,0,0,0,0,0,0,Passarinho nas mãos de uma pessoa
IMG-20200922-WA0056.jpg,1,1,0,0,0,0,0,1,0,0,0,0,0,0,Flores
IMG-20200922-WA0240.jpg,1,0,0,0,0,0,0,1,0,0,0,0,0,0,Luar
IMG-20200924-WA0153.jpg,1,0,0,0,0,0,0,1,0,0,0,0,0,0,Livro e flor
IMG-20200924-WA0157.jpg,0,0,0,0,0,0,0,0,0,0,0,0,0,0,Motivos florais e bebê
IMG-20200924-WA0158.jpg,0,0,0,0,0,0,0,0,0,0,0,0,0,0,Coração rústico
IMG-20200924-WA0160.jpg,0,0,0,0,0,1,0,0,1,0,0,0,0,0,Casa com bandeira do Brasil
IMG-20200925-WA0015.jpg,0,0,0,0,0,1,0,1,0,0,0,0,0,0,Homem de joelhos com mar ao fundo
IMG-20200925-WA0036.jpg,0,0,0,0,0,0,0,0,0,0,0,0,0,0,"Xícara, flores e coração"
IMG-20200925-WA0231.jpg,0,0,0,0,0,0,0,0,0,0,0,0,0,0,Flores
IMG-20200926-WA0014.jpg,0,0,0,0,0,1,0,1,0,0,0,0,0,0,Regador e plantas
IMG-20200926-WA0021.jpg,0,0,0,0,0,0,0,0,0,0,0,0,0,0,Árvore ao sol
IMG-20200926-WA0039.jpg,1,0,0,0,0,0,1,1,0,0,0,0,0,0,"Mãos, pomba e sol"
IMG-20200926-WA0055.jpg,0,0,1,1,0,0,0,0,0,0,0,0,0,0,Mão e flor
IMG-20200927-WA0064.jpg,0,0,0,0,0,1,0,0,0,0,0,0,0,0,Casa de campo e ipê amarelo
IMG-20200927-WA0067.jpg,1,0,0,0,0,0,0,1,0,0,0,0,0,0,Mão e flor
IMG-20200927-WA0069.jpg,1,0,0,0,0,0,0,1,0,0,0,0,0,0,Borboleta e flores violeta
IMG-20200928-WA0023.jpg,1,0,0,0,0,0,0,1,0,1,0,0,0,0,Campo com rosas
IMG-20200928-WA0076.jpg,0,0,0,0,0,0,0,0,0,0,0,0,0,0,Motivos florais
IMG-20200930-WA0057.jpg,1,0,0,0,0,0,0,1,0,0,0,0,0,0,Flores
IMG-20201001-WA0044.jpg,1,0,0,0,0,0,0,1,0,0,0,0,0,0,Xícara e rosa
IMG-20201001-WA0062.jpg,1,0,0,0,0,0,0,1,0,0,0,0,0,0,Corda e flor
IMG-20201001-WA0064.jpg,0,1,0,0,0,0,0,0,0,0,0,0,0,0,Flores e estrada
IMG-20201001-WA0118.jpg,1,0,0,0,0,0,0,1,0,0,0,0,0,0,Flores
IMG-20201002-WA0099.jpg,0,0,0,0,0,0,1,0,0,0,0,0,0,0,Carlito com cachorro
IMG-20201002-WA0102.jpg,0,1,0,0,0,0,0,0,0,1,0,0,0,0,Estrada ao pôr do sol
IMG-20201002-WA0114.jpg,0,0,0,0,0,1,0,0,0,0,0,0,0,0,Cachorro com flor
IMG-20201002-WA0121.jpg,0,1,0,0,0,0,0,0,0,0,0,0,0,0,Carro e flores
IMG-20201002-WA0143.jpg,0,1,0,0,0,0,0,0,0,1,0,0,0,0,Barco ao mar
IMG-20201003-WA0023.jpg,1,0,0,0,0,0,0,1,0,0,0,0,0,0,Flores
IMG-20201003-WA0060.jpg,0,0,1,0,1,0,0,0,0,0,0,0,0,0,Flores e borboleta
IMG-20201003-WA0066.jpg,1,0,0,0,0,0,0,1,0,0,0,0,0,0,Borboleta ao sol
IMG-20201003-WA0080.jpg,0,0,0,0,0,0,0,0,0,0,0,0,0,0,Flores
IMG-20201004-WA0091.jpg,0,0,0,0,0,0,0,0,0,0,0,0,0,0,Flores e borboleta
IMG-20201004-WA0113.jpg,1,1,0,0,0,1,0,1,0,0,0,0,0,0,"Pássaro, borboleta e flores"
IMG-20201004-WA0247.jpg,0,0,0,0,0,0,0,0,0,0,0,0,0,0,Sol e flores
IMG-20201004-WA0260.jpg,1,0,0,0,0,0,0,1,0,0,0,0,0,0,Flores
IMG-20201005-WA0027.jpg,1,1,0,0,0,0,0,1,0,1,0,0,0,0,Flores e borboleta
IMG-20201005-WA0037.jpg,0,0,0,0,0,0,0,0,0,0,0,0,0,0,Girassois
IMG-20201005-WA0051.jpg,0,0,0,0,0,0,0,0,0,0,0,0,0,0,Placas indicando caminho
IMG-20201005-WA0233.jpg,1,0,0,0,0,0,0,1,0,0,0,0,0,0,Paisagem
IMG-20201006-WA0012.jpg,0,0,0,0,0,0,0,1,0,0,0,0,0,0,Letras no fundo branco
IMG-20201006-WA0251.jpg,0,0,0,0,0,0,0,1,0,0,0,0,0,0,Motivos florais
IMG-20201007-WA0015.jpg,0,0,0,0,0,0,0,0,0,1,0,0,0,0,Campo violeta
IMG-20201007-WA0018.jpg,1,0,0,0,0,0,0,1,0,0,0,0,0,0,Xícara e montanha
IMG-20201007-WA0059.jpg,0,0,0,0,0,0,0,0,0,0,0,0,0,0,Pôr do sol
IMG-20201007-WA0556.jpg,1,0,0,0,0,0,0,1,0,0,0,0,0,0,Jesus carregando pessoa
IMG-20201008-WA0086.jpg,0,0,0,0,0,0,0,0,0,0,0,0,0,0,Flores
IMG-20201009-WA0111.jpg,0,0,1,0,0,0,0,0,0,0,0,0,0,0,Envelope e motivos florais
IMG-20201009-WA0160.jpg,0,1,0,0,0,0,0,0,0,0,0,0,0,0,Xícara e bule
IMG-20201009-WA0178.jpg,0,0,0,0,0,1,0,1,0,0,0,0,0,0,Sol em bosque
IMG-20201009-WA0545.jpg,0,0,0,0,0,0,0,0,0,0,0,0,0,0,Luar
IMG-20201010-WA0018.jpg,1,0,0,0,0,0,0,1,0,0,0,0,0,0,Homem orando com bíblia
IMG-20201010-WA0034.jpg,0,0,1,0,0,0,0,0,0,0,0,0,0,0,Flor
IMG-20201011-WA0041.jpg,0,0,0,0,0,0,0,0,0,0,0,0,0,0,Motivos florais
IMG-20201011-WA0043.jpg,0,0,0,0,0,0,0,0,0,0,0,0,0,0,Mão e flores
IMG-20201011-WA0118.jpg,0,0,0,0,0,0,0,1,0,0,0,0,0,0,Coração e rosas
IMG-20201012-WA0162.jpg,0,0,0,0,0,0,0,1,0,0,0,0,0,0,Pássaro
IMG-20201012-WA0184.jpg,1,0,0,0,0,0,0,1,0,0,0,0,0,0,Xícara
IMG-20201012-WA0201.jpg,0,0,0,0,0,0,0,0,0,0,0,0,0,0,Sol no bosque
IMG-20201014-WA0279.jpg,0,0,0,0,0,0,0,0,0,0,0,0,0,0,Rosa rosa e coração
IMG-20201014-WA0330.jpg,1,0,0,0,0,0,0,1,0,0,0,0,0,0,Pergaminho
IMG-20201014-WA0657.jpg,0,0,0,0,0,1,0,0,0,0,0,0,0,0,Rosa rosa
IMG-20201015-WA0309.jpg,0,0,0,0,0,0,0,0,0,0,0,0,0,0,Criança com ursinho de pelúcia
IMG-20201016-WA0031.jpg,1,0,0,0,0,0,0,1,0,1,0,0,0,0,Coruja
IMG-20201016-WA0078.jpg,1,0,0,0,0,0,0,1,0,0,0,0,0,0,Flores
IMG-20201016-WA0337.jpg,0,0,0,0,0,0,0,0,0,0,0,0,0,0,Lua e estrela
IMG-20201017-WA0008.jpg,1,0,0,0,0,0,0,1,0,0,0,0,0,0,Mão
IMG-20201017-WA0018.jpg,0,0,0,0,0,0,0,0,1,0,0,1,0,0,Bolsonaro e bandeira do Brasil
IMG-20201017-WA0036.jpg,1,0,0,0,0,0,0,0,0,0,0,0,0,0,"Pomba, rosas e nuvens"
IMG-20201018-WA0021.jpg,0,0,0,0,0,0,0,1,0,0,0,0,0,0,Coração e motivos florais
IMG-20201018-WA0075.jpg,0,0,0,0,0,0,0,0,0,0,0,0,0,0,Rosas
IMG-20201018-WA0079.jpg,1,0,0,0,0,0,0,0,0,0,0,0,0,0,Homem com bicicleta
IMG-20201018-WA0081.jpg,0,0,0,0,0,0,0,0,0,0,0,0,0,0,Urso e coração
IMG-20201018-WA0125.jpg,0,1,0,0,0,0,0,0,0,1,0,0,0,0,Beija-flor e flor
IMG-20201018-WA0136.jpg,0,0,0,0,0,0,0,0,0,0,0,0,0,0,Flores
IMG-20201019-WA0017.jpg,0,0,1,0,1,0,0,0,0,0,0,0,0,0,Xícara
IMG-20201019-WA0040.jpg,1,0,0,0,0,0,0,0,0,0,0,0,0,0,Pomba
IMG-20201019-WA0045.jpg,0,0,0,0,0,0,0,0,0,0,0,0,0,0,Deck
IMG-20201019-WA0296.jpg,1,0,1,0,0,0,0,1,0,0,0,0,0,1,Menina angelical
IMG-20201019-WA0346.jpg,0,0,0,0,0,0,0,0,0,0,0,0,0,0,Rosas rosas
IMG-20201020-WA0053.jpg,0,0,0,0,0,0,0,1,0,0,0,0,0,0,Xícara
IMG-20201020-WA0062.jpg,0,0,0,0,0,0,0,0,0,0,0,0,0,0,Mãos fazendo coração na cama
IMG-20201021-WA0026.jpg,1,0,0,0,0,0,0,0,0,0,0,0,0,0,Árvore e nuvens
IMG-20201021-WA0062.jpg,1,0,0,0,0,0,0,1,0,0,0,0,0,0,Flores
IMG-20201022-WA0026.jpg,0,0,0,0,0,0,0,0,1,0,0,0,0,0,Policial militar
IMG-20201022-WA0037.jpg,1,0,0,0,0,0,0,1,0,0,0,0,0,0,Motivos florais
IMG-20201022-WA0079.jpg,1,0,0,0,0,0,0,1,0,0,0,0,0,0,Motivos florais
IMG-20201022-WA0084.jpg,1,0,0,0,0,0,0,1,0,0,0,0,0,0,Beija-flor e flor
IMG-20201022-WA0111.jpg,1,0,0,0,0,0,0,1,0,0,0,0,0,0,Corações e borboletas
IMG-20201022-WA0230.jpg,1,0,0,0,0,1,0,1,0,0,0,0,0,0,Luar
IMG-20201023-WA0076.jpg,1,0,0,0,0,0,0,1,0,0,0,0,0,0,Motivos florais
IMG-20201023-WA0099.jpg,0,0,0,0,0,0,0,1,0,0,0,0,0,0,Pinceis coloridos
IMG-20201024-WA0130.jpg,0,0,1,0,0,0,0,0,0,0,0,0,0,0,Casal de crianças se abraçando
IMG-20201024-WA0157.jpg,0,0,1,0,0,0,0,0,0,0,0,0,0,0,Xícara e rosas
IMG-20201024-WA0474.jpg,0,0,0,0,0,1,0,0,0,0,0,0,0,1,Meninas no campo
IMG-20201025-WA0027.jpg,1,0,0,0,0,0,1,1,0,0,0,0,0,0,Casa no campo
IMG-20201026-WA0035.jpg,1,0,0,0,0,0,0,1,0,0,0,0,0,0,Flores
IMG-20201027-WA0125.jpg,0,0,0,0,0,0,0,1,0,0,0,0,0,0,Jesus com um quadro
IMG-20201028-WA0046.jpg,0,0,0,0,0,0,0,1,0,0,0,0,0,0,Motivos florais
IMG-20201028-WA0061.jpg,0,0,0,0,0,0,0,0,0,0,0,0,0,0,Coração e rosas
IMG-20201028-WA0069.jpg,0,0,1,1,0,0,0,0,0,0,0,0,0,0,Pássaro e balões
IMG-20201030-WA0040.jpg,1,0,0,0,0,0,0,1,0,0,0,0,0,0,Tulipas brancas
IMG-20201030-WA0061.jpg,1,0,0,0,0,0,1,1,0,0,0,0,0,0,Lotus
IMG-20201031-WA0381.jpg,0,0,0,0,0,0,0,1,0,0,0,0,0,0,Motivos florais
IMG-20201101-WA0089.jpg,0,0,0,0,0,0,0,1,0,0,0,0,0,0,Motivos florais
IMG-20201101-WA0138.jpg,0,0,0,0,0,0,0,0,0,0,0,0,0,0,Rosas rosas
IMG-20201102-WA0053.jpg,0,0,0,0,0,0,0,0,0,0,0,0,0,0,Xícara e corações
IMG-20201102-WA0091.jpg,1,0,0,0,0,0,0,1,0,0,0,0,0,0,Flores
IMG-20201102-WA0232.jpg,0,0,0,0,1,0,0,0,0,0,0,0,0,0,Fusca
IMG-20201102-WA0415.jpg,0,0,0,0,0,0,0,1,0,0,0,0,0,0,Motivos florais
IMG-20201103-WA0048.jpg,1,0,0,0,0,0,0,1,0,0,0,0,0,0,Praia
IMG-20201103-WA0059.jpg,1,0,0,0,0,0,0,1,0,0,0,0,0,0,Barco ao mar
IMG-20201103-WA0117.jpg,0,0,0,0,0,0,0,1,0,0,0,0,0,0,Flores no campo
IMG-20201103-WA0191.jpg,1,0,0,0,0,0,0,1,0,0,0,0,0,0,Abelhas e flores
IMG-20201104-WA0110.jpg,0,0,0,0,0,0,0,1,0,0,0,0,0,0,Paisagem ensolarada
IMG-20201105-WA0048.jpg,1,0,0,0,0,1,0,1,0,0,0,0,0,0,Motivos florais
IMG-20201105-WA0428.jpg,1,0,0,0,0,0,0,1,0,0,0,0,0,0,Pôr do sol no campo
IMG-20201107-WA0096.jpg,0,0,0,0,0,0,0,1,0,0,0,0,0,0,Estrada de terra
IMG-20201107-WA0159.jpg,0,0,1,0,0,0,0,0,0,0,0,0,0,0,Rosa
IMG-20201107-WA0508.jpg,0,0,0,0,0,0,0,0,0,0,0,0,0,0,Bebê dormindo em nuvem
IMG-20201108-WA0044.jpg,0,0,0,0,0,0,0,0,0,0,0,0,0,0,Rosas
IMG-20201108-WA0045.jpg,0,0,0,0,0,0,0,1,0,0,0,0,0,1,Mulheres no pôr do sol
IMG-20201108-WA0101.jpg,0,0,0,0,0,1,0,1,0,0,0,0,0,0,Jesus e mar
IMG-20201108-WA0112.jpg,0,0,0,0,0,0,0,0,0,0,0,0,0,0,Xícara e flores
IMG-20201108-WA0292.jpg,0,0,0,0,0,0,0,0,0,0,0,0,0,0,Pôr do sol
IMG-20201109-WA0039.jpg,1,0,0,0,0,1,0,1,0,0,0,0,0,0,"Coelho, corações e rosas"
IMG-20201110-WA0015.jpg,1,0,0,0,0,0,0,1,0,0,0,0,0,0,Pôr do sol
IMG-20201113-WA0047.jpg,0,0,1,0,0,0,0,0,0,0,0,0,0,0,Cão e raposa
IMG-20201114-WA0072.jpg,0,0,0,0,0,0,0,0,0,0,0,0,0,0,Girafas e coração
IMG-20201114-WA0074.jpg,0,0,0,0,0,0,0,0,0,0,0,0,0,0,Motivos florais
IMG-20201114-WA0349.jpg,0,0,0,0,0,0,0,0,0,0,0,0,0,0,Letras sobre fundo branco
IMG-20201115-WA0024.jpg,1,0,0,0,0,0,1,1,0,0,0,0,0,0,Casa e árvores
IMG-20201115-WA0058.jpg,1,0,0,0,0,0,0,1,0,0,0,0,0,0,Margarida